property_name,external_property_id,site_label,municipality,address,federal_state,cadastral_reference,site_area_hectares,developable_area_hectares,minimum_viable_load_mw,latitude,longitude,property_type,property_condition,required_it_load_mw,required_total_site_load_mw,export_requirement_mw,target_energisation_year,development_phase,land_control_status,confidentiality_classification,client_organisation,project_owner,notes
Hunte Edge Campus,GP-DE-001,Oldenburg commercial corridor,Oldenburg,Indicative location,Lower Saxony,SYN-OL-001,18.4,13.2,40,53.1435,8.2146,data_centre,brownfield,48,60,0,2030,site_selection,identified,confidential,Demo portfolio,Local workspace,Synthetic demonstration opportunity; not a represented property
North Sea Compute Site,GP-DE-002,Bremerhaven port-industrial area,Bremerhaven,Indicative location,Bremen,SYN-BHV-002,31.6,22.8,60,53.5396,8.5809,data_centre,brownfield,96,125,0,2032,due_diligence,optioned,confidential,Demo portfolio,Local workspace,Synthetic demonstration opportunity; not a represented property
A2 Interconnect Campus,GP-DE-003,Lehrte logistics corridor,Lehrte,Indicative location,Lower Saxony,SYN-LEH-003,27.2,20.1,55,52.3759,9.9762,data_centre,greenfield,82,105,0,2031,screening,identified,confidential,Demo portfolio,Local workspace,Synthetic demonstration opportunity; not a represented property
Hansalinie Digital Park,GP-DE-004,Hansalinie industrial corridor,Bremen,Indicative location,Bremen,SYN-HB-004,24.8,17.7,50,53.0843,8.7957,data_centre,brownfield,74,96,0,2031,screening,optioned,confidential,Demo portfolio,Local workspace,Synthetic demonstration opportunity; not a represented property
Brandenburg South Campus,GP-DE-005,Brandenburg industrial area,Ludwigsfelde,Indicative location,Brandenburg,SYN-LWF-005,29.1,21.5,60,52.3031,13.2540,data_centre,greenfield,92,120,0,2032,site_selection,identified,confidential,Demo portfolio,Local workspace,Synthetic demonstration opportunity; not a represented property
Elbe Gateway Campus,GP-DE-006,Elbe logistics area,Magdeburg,Indicative location,Saxony-Anhalt,SYN-MD-006,22.7,16.4,45,52.1205,11.6276,data_centre,brownfield,65,85,0,2030,screening,controlled,confidential,Demo portfolio,Local workspace,Synthetic demonstration opportunity; not a represented property
Rhine Compute Quarter,GP-DE-007,Rhine industrial corridor,Duisburg,Indicative location,North Rhine-Westphalia,SYN-DU-007,34.3,25.9,70,51.4344,6.7623,data_centre,brownfield,105,140,0,2033,site_selection,identified,confidential,Demo portfolio,Local workspace,Synthetic demonstration opportunity; not a represented property
Main Digital Works,GP-DE-008,East Frankfurt commercial area,Hanau,Indicative location,Hesse,SYN-HU-008,20.6,14.9,50,50.1264,8.9283,data_centre,greenfield,76,100,0,2031,due_diligence,optioned,confidential,Demo portfolio,Local workspace,Synthetic demonstration opportunity; not a represented property
Leipzig North Data Hub,GP-DE-009,Leipzig north industrial area,Leipzig,Indicative location,Saxony,SYN-L-009,25.5,18.3,50,51.4040,12.3910,data_centre,brownfield,78,100,0,2031,screening,identified,confidential,Demo portfolio,Local workspace,Synthetic demonstration opportunity; not a represented property
Nuremberg Digital Campus,GP-DE-010,Nuremberg logistics corridor,Nuremberg,Indicative location,Bavaria,SYN-N-010,19.8,14.2,40,49.4521,11.0767,data_centre,greenfield,62,80,0,2032,site_selection,unknown,confidential,Demo portfolio,Local workspace,Synthetic demonstration opportunity; not a represented property
